-- phpMyAdmin SQL Dump-- version 3.3.8.1-- http://www.phpmyadmin.net---- 主机: w.rdc.sae.sina.com.cn:3307-- 生成日期: 2015 年 02 月 25 日 02:53-- 服务器版本: 5.5.23-- PHP 版本: 5.3.3SET SQL_MODE="NO_AUTO_VALUE_ON_ZERO";/*!40101 SET @OLD_CHARACTER_SET_CLIENT=@@CHARACTER_SET_CLIENT */;/*!40101 SET @OLD_CHARACTER_SET_RESULTS=@@CHARACTER_SET_RESULTS */;/*!40101 SET @OLD_COLLATION_CONNECTION=@@COLLATION_CONNECTION */;/*!40101 SET NAMES utf8 */;---- 数据库: `app_authinkphp`---- ------------------------------------------------------------ 表的结构 `aunet_access`--CREATE TABLE IF NOT EXISTS `aunet_access` (  `role_id` smallint(6) unsigned NOT NULL,  `node_id` smallint(6) unsigned NOT NULL,  `level` tinyint(1) NOT NULL,  `module` varchar(50) DEFAULT NULL,  KEY `groupId` (`role_id`),  KEY `nodeId` (`node_id`)) ENGINE=MyISAM DEFAULT CHARSET=utf8;---- 转存表中的数据 `aunet_access`--INSERT INTO `aunet_access` (`role_id`, `node_id`, `level`, `module`) VALUES(4, 49, 3, NULL),(4, 48, 2, NULL),(4, 41, 3, NULL),(4, 40, 3, NULL),(4, 39, 2, NULL),(4, 38, 3, NULL),(4, 37, 3, NULL),(4, 36, 3, NULL),(4, 34, 2, NULL),(4, 70, 3, NULL),(4, 69, 3, NULL),(4, 68, 3, NULL),(4, 62, 2, NULL),(4, 33, 1, NULL),(5, 35, 1, NULL);-- ------------------------------------------------------------ 表的结构 `aunet_attr`--CREATE TABLE IF NOT EXISTS `aunet_attr` (  `id` int(10) unsigned NOT NULL AUTO_INCREMENT,  `name` char(10) NOT NULL DEFAULT '',  `color` char(10) NOT NULL DEFAULT '',  PRIMARY KEY (`id`)) ENGINE=MyISAM  DEFAULT CHARSET=utf8 AUTO_INCREMENT=5 ;---- 转存表中的数据 `aunet_attr`--INSERT INTO `aunet_attr` (`id`, `name`, `color`) VALUES(2, '精华', 'green'),(4, '最新', 'red');-- ------------------------------------------------------------ 表的结构 `aunet_cate`--CREATE TABLE IF NOT EXISTS `aunet_cate` (  `id` int(10) unsigned NOT NULL AUTO_INCREMENT,  `name` char(15) NOT NULL DEFAULT '',  `pid` int(10) unsigned NOT NULL DEFAULT '0',  `sort` smallint(6) NOT NULL DEFAULT '100',  PRIMARY KEY (`id`),  KEY `pid` (`pid`)) ENGINE=MyISAM  DEFAULT CHARSET=utf8 AUTO_INCREMENT=19 ;---- 转存表中的数据 `aunet_cate`--INSERT INTO `aunet_cate` (`id`, `name`, `pid`, `sort`) VALUES(10, '社联', 0, 100),(13, '社团', 0, 100),(18, '法语', 13, 100);-- ------------------------------------------------------------ 表的结构 `aunet_doc`--CREATE TABLE IF NOT EXISTS `aunet_doc` (  `id` int(10) unsigned NOT NULL AUTO_INCREMENT,  `url` char(90) NOT NULL DEFAULT '',  `remark` varchar(32) NOT NULL DEFAULT '',  `user` varchar(20) NOT NULL DEFAULT '',  `time` int(10) unsigned NOT NULL DEFAULT '0',  `filename` varchar(90) NOT NULL DEFAULT ' ',  PRIMARY KEY (`id`)) ENGINE=MyISAM  DEFAULT CHARSET=utf8 AUTO_INCREMENT=43 ;---- 转存表中的数据 `aunet_doc`--INSERT INTO `aunet_doc` (`id`, `url`, `remark`, `user`, `time`, `filename`) VALUES(30, './Upload/UploadsDoc/test/54e07c4258005.docx', '社团网总体需求.docx', 'test', 1423998018, ' '),(29, './Upload/UploadsDoc/admin/54e05d1a08a86.docx', '社团网总体需求.docx', 'admin', 1423990042, ' '),(28, './Upload/UploadsDoc/admin/54e05d1a0869d.docx', '社团网.docx', 'admin', 1423990042, ' '),(27, './Upload/UploadsDoc/admin/54e05d1a07ecd.docx', '[社团部]社团网场地物资借用及相关功能与要求.docx', 'admin', 1423990042, ' '),(26, './Upload/UploadsDoc/admin/54e05b90b5a1f.docx', '社团网.docx', 'admin', 1423989648, ' '),(31, './Upload/UploadsDoc/admin/54e093cf597e7.docx', '社团网总体需求.docx', 'admin', 1424004047, ' ');-- ------------------------------------------------------------ 表的结构 `aunet_forecast`--CREATE TABLE IF NOT EXISTS `aunet_forecast` (  `id` int(11) NOT NULL AUTO_INCREMENT,  `username` varchar(30) NOT NULL DEFAULT '',  `time` int(10) NOT NULL DEFAULT '0',  `title` text NOT NULL,  PRIMARY KEY (`id`)) ENGINE=MyISAM  DEFAULT CHARSET=utf8 AUTO_INCREMENT=23 ;---- 转存表中的数据 `aunet_forecast`--INSERT INTO `aunet_forecast` (`id`, `username`, `time`, `title`) VALUES(16, 'admin', 1424421108, 'nvasdf'),(18, 'admin', 1424597534, '111'),(19, 'admin', 1424597539, '222'),(20, 'admin', 1424597544, '333'),(21, 'admin', 1424597549, '444'),(22, 'admin', 1424597554, '555');-- ------------------------------------------------------------ 表的结构 `aunet_news`--CREATE TABLE IF NOT EXISTS `aunet_news` (  `id` int(10) unsigned NOT NULL AUTO_INCREMENT,  `title` varchar(30) NOT NULL DEFAULT '',  `content` text,  `time` int(10) unsigned NOT NULL DEFAULT '0',  `cid` int(10) unsigned NOT NULL,  `del` tinyint(1) unsigned NOT NULL DEFAULT '0',  `pic` text NOT NULL,  `src` text NOT NULL,  PRIMARY KEY (`id`),  KEY `cid` (`cid`)) ENGINE=MyISAM  DEFAULT CHARSET=utf8 AUTO_INCREMENT=70 ;---- 转存表中的数据 `aunet_news`--INSERT INTO `aunet_news` (`id`, `title`, `content`, `time`, `cid`, `del`, `pic`, `src`) VALUES(52, '111', '<p>111</p>', 1424600007, 10, 0, '', ''),(53, '222', '<p>222</p>', 1424600186, 10, 0, '', ''),(54, '333', '<p>333</p>', 1424601221, 18, 0, '', ''),(55, '444', '<p>444</p>', 1424601233, 10, 0, '', ''),(56, '555', '<p>555</p>', 1424601243, 0, 0, '', ''),(57, '666', '<p>666</p>', 1424601251, 13, 0, '', ''),(68, 'asdf', '<p><img src="http://authinkphp-upload.stor.sinaapp.com/news/image/1/20150225/54ecbc49a8a7b.jpg" style="" title="54ecbc49a8a7b.jpg"/></p><p><img src="http://authinkphp-upload.stor.sinaapp.com/news/image/1/20150225/54ecbc50975d5.jpg" style="" title="54ecbc50975d5.jpg"/></p><p><img src="http://authinkphp-upload.stor.sinaapp.com/news/image/1/20150225/54ecbc5345574.jpg" style="" title="54ecbc5345574.jpg"/></p><p><img src="http://authinkphp-upload.stor.sinaapp.com/news/image/1/20150225/54ecbc56f205f.jpg" style="" title="54ecbc56f205f.jpg"/></p><p><img src="http://authinkphp-upload.stor.sinaapp.com/news/image/1/20150225/54ecbc6939a25.jpg" style="" title="54ecbc6939a25.jpg"/></p><p><br/></p>', 1424800880, 0, 0, 'http://authinkphp-upload.stor.sinaapp.com/news/image/1/20150225/54ecbc49a8a7b.jpg', ' http://authinkphp-upload.stor.sinaapp.com/news/image/1/20150225/54ecbc6939a25.jpg http://authinkphp-upload.stor.sinaapp.com/news/image/1/20150225/54ecbc56f205f.jpg http://authinkphp-upload.stor.sinaapp.com/news/image/1/20150225/54ecbc5345574.jpg http://authinkphp-upload.stor.sinaapp.com/news/image/1/20150225/54ecbc50975d5.jpg http://authinkphp-upload.stor.sinaapp.com/news/image/1/20150225/54ecbc49a8a7b.jpg'),(69, 'ddd', '<p><img src="http://authinkphp-upload.stor.sinaapp.com/news/image/1/20150225/54ecbeb70b3af.jpg" style="" title="54ecbeb70b3af.jpg"/></p><p><img src="http://authinkphp-upload.stor.sinaapp.com/news/image/1/20150225/54ecbeb7e8cc4.jpg" style="" title="54ecbeb7e8cc4.jpg"/></p><p><br/></p>', 1424801469, 10, 0, 'http://authinkphp-upload.stor.sinaapp.com/news/image/1/20150225/54ecbeb70b3af.jpg', ' http://authinkphp-upload.stor.sinaapp.com/news/image/1/20150225/54ecbeb7e8cc4.jpg http://authinkphp-upload.stor.sinaapp.com/news/image/1/20150225/54ecbeb70b3af.jpg');-- ------------------------------------------------------------ 表的结构 `aunet_news_attr`--CREATE TABLE IF NOT EXISTS `aunet_news_attr` (  `nid` int(10) unsigned NOT NULL,  `aid` int(10) unsigned NOT NULL,  KEY `nid` (`nid`),  KEY `aid` (`aid`)) ENGINE=MyISAM DEFAULT CHARSET=utf8;---- 转存表中的数据 `aunet_news_attr`--INSERT INTO `aunet_news_attr` (`nid`, `aid`) VALUES(2, 1),(3, 1),(3, 2),(5, 1),(5, 2),(6, 2),(7, 2),(8, 2),(8, 4),(10, 2),(11, 2),(12, 2),(13, 2),(14, 2),(15, 2),(16, 2),(17, 2),(17, 4),(21, 4),(22, 2),(29, 4),(28, 2),(30, 2),(34, 2),(35, 2),(36, 2),(37, 2),(39, 2),(40, 2),(42, 2),(43, 2),(44, 2),(45, 2),(46, 4),(47, 2),(47, 4),(48, 2),(49, 2),(50, 4),(51, 4),(52, 2),(53, 2),(55, 2),(56, 2),(57, 4),(68, 2),(65, 2),(68, 4),(69, 2);-- ------------------------------------------------------------ 表的结构 `aunet_node`--CREATE TABLE IF NOT EXISTS `aunet_node` (  `id` smallint(6) unsigned NOT NULL AUTO_INCREMENT,  `name` varchar(20) NOT NULL,  `title` varchar(50) DEFAULT NULL,  `status` tinyint(1) DEFAULT '0',  `remark` varchar(255) DEFAULT NULL,  `sort` smallint(6) unsigned DEFAULT NULL,  `pid` smallint(6) unsigned NOT NULL,  `level` tinyint(1) unsigned NOT NULL,  PRIMARY KEY (`id`),  KEY `level` (`level`),  KEY `pid` (`pid`),  KEY `status` (`status`),  KEY `name` (`name`)) ENGINE=MyISAM  DEFAULT CHARSET=utf8 AUTO_INCREMENT=73 ;---- 转存表中的数据 `aunet_node`--INSERT INTO `aunet_node` (`id`, `name`, `title`, `status`, `remark`, `sort`, `pid`, `level`) VALUES(33, 'Admin', '后台', 1, NULL, 1, 0, 1),(34, 'News', '新闻管理', 1, NULL, 1, 33, 2),(35, 'Home', '前台', 1, NULL, 1, 0, 1),(36, 'news_index', '文章列表', 1, NULL, 1, 34, 3),(37, 'addNews', '添加新闻', 1, NULL, 1, 34, 3),(38, 'trash', '回收站', 1, NULL, 1, 34, 3),(39, 'Upload', '资料上传', 1, NULL, 1, 33, 2),(40, 'upload_index', '上传附件', 1, NULL, 1, 39, 3),(41, 'doc_list', '资料列表', 1, NULL, 1, 39, 3),(46, 'attr_index', '属性列表', 1, NULL, 1, 45, 3),(45, 'NewsAttribute', '属性管理', 1, NULL, 1, 33, 2),(47, 'addAttr', '添加属性', 1, NULL, 1, 45, 3),(48, 'Category', '分类管理', 1, NULL, 1, 33, 2),(49, 'cate_index', '分类列表', 1, NULL, 1, 48, 3),(50, 'addCate', '添加分类', 1, NULL, 1, 48, 3),(51, 'Rbac', '权限管理', 1, NULL, 1, 33, 2),(52, 'role', '角色列表', 1, NULL, 1, 51, 3),(53, 'node', '节点列表', 1, NULL, 1, 51, 3),(54, 'user', '用户列表', 1, NULL, 1, 51, 3),(66, 'access', '配置权限', 1, NULL, 1, 51, 3),(65, 'addNode', '添加节点', 1, NULL, 1, 51, 3),(64, 'addUser', '添加用户', 1, NULL, 1, 51, 3),(58, 'editCate', '编辑分类', 1, NULL, 1, 48, 3),(59, 'deleteCate', '删除分类及其子分类', 1, NULL, 1, 48, 3),(60, 'editAttr', '编辑属性', 1, NULL, 1, 45, 3),(61, 'deleteAttr', '删除属性', 1, NULL, 1, 45, 3),(62, 'Forecast', '社联大事记', 1, NULL, 1, 33, 2),(63, 'delete', '删除新闻', 1, NULL, 1, 34, 3),(67, 'addRole', '添加角色', 1, NULL, 1, 51, 3),(68, 'delForecast', '删除预告', 1, NULL, 1, 62, 3),(69, 'editForecast', '修改预告', 1, NULL, 1, 62, 3),(70, 'addForecast', '添加预告', 1, NULL, 1, 62, 3),(71, 'lock', '锁定用户', 1, NULL, 1, 51, 3),(72, 'clearCache', '清除缓存', 1, NULL, 1, 34, 3);-- ------------------------------------------------------------ 表的结构 `aunet_role`--CREATE TABLE IF NOT EXISTS `aunet_role` (  `id` smallint(6) unsigned NOT NULL AUTO_INCREMENT,  `name` varchar(20) NOT NULL,  `pid` smallint(6) DEFAULT NULL,  `status` tinyint(1) unsigned DEFAULT NULL,  `remark` varchar(255) DEFAULT NULL,  PRIMARY KEY (`id`),  KEY `pid` (`pid`),  KEY `status` (`status`)) ENGINE=MyISAM  DEFAULT CHARSET=utf8 AUTO_INCREMENT=6 ;---- 转存表中的数据 `aunet_role`--INSERT INTO `aunet_role` (`id`, `name`, `pid`, `status`, `remark`) VALUES(4, 'Editor', NULL, 1, '编辑'),(5, 'Home', NULL, 1, '前台');-- ------------------------------------------------------------ 表的结构 `aunet_role_user`--CREATE TABLE IF NOT EXISTS `aunet_role_user` (  `role_id` mediumint(9) unsigned DEFAULT NULL,  `user_id` char(32) DEFAULT NULL,  KEY `group_id` (`role_id`),  KEY `user_id` (`user_id`)) ENGINE=MyISAM DEFAULT CHARSET=utf8;---- 转存表中的数据 `aunet_role_user`--INSERT INTO `aunet_role_user` (`role_id`, `user_id`) VALUES(4, '5'),(4, '6'),(5, '6');-- ------------------------------------------------------------ 表的结构 `aunet_user`--CREATE TABLE IF NOT EXISTS `aunet_user` (  `id` int(10) unsigned NOT NULL AUTO_INCREMENT,  `username` varchar(30) NOT NULL DEFAULT '',  `password` char(32) NOT NULL DEFAULT '',  `logintime` int(10) unsigned NOT NULL,  `loginip` varchar(30) NOT NULL,  `lock` tinyint(1) unsigned NOT NULL DEFAULT '0',  PRIMARY KEY (`id`),  UNIQUE KEY `username` (`username`)) ENGINE=MyISAM  DEFAULT CHARSET=utf8 AUTO_INCREMENT=7 ;---- 转存表中的数据 `aunet_user`--INSERT INTO `aunet_user` (`id`, `username`, `password`, `logintime`, `loginip`, `lock`) VALUES(1, 'admin', '21232f297a57a5a743894a0e4a801fc3', 1424802658, '221.235.94.189', 0),(6, 'root', '63a9f0ea7bb98050796b649e85481845', 1424519625, '127.0.0.1', 0),(5, 'ted', '870fa8ee962d90af50c7eaed792b075a', 1424524151, '127.0.0.1', 0);