-- phpMyAdmin SQL Dump
-- version 4.0.4.1
-- http://www.phpmyadmin.net
--
-- ä¸»æœº: 127.0.0.1
-- ç”Ÿæˆæ—¥æœŸ: 2015 å¹?07 æœ?08 æ—?15:41
-- æœåŠ¡å™¨ç‰ˆæœ¬: 5.6.11
-- PHP ç‰ˆæœ¬: 5.5.1

SET SQL_MODE = "NO_AUTO_VALUE_ON_ZERO";
SET time_zone = "+00:00";


/*!40101 SET @OLD_CHARACTER_SET_CLIENT=@@CHARACTER_SET_CLIENT */;
/*!40101 SET @OLD_CHARACTER_SET_RESULTS=@@CHARACTER_SET_RESULTS */;
/*!40101 SET @OLD_COLLATION_CONNECTION=@@COLLATION_CONNECTION */;
/*!40101 SET NAMES utf8 */;

--
-- æ•°æ®åº“: `aunet`
--
CREATE DATABASE IF NOT EXISTS `aunet` DEFAULT CHARACTER SET utf8 COLLATE utf8_general_ci;
USE `aunet`;

-- --------------------------------------------------------

--
-- è¡¨çš„ç»“æ„ `aunet_access`
--

CREATE TABLE IF NOT EXISTS `aunet_access` (
  `role_id` smallint(6) unsigned NOT NULL,
  `node_id` smallint(6) unsigned NOT NULL,
  `level` tinyint(1) NOT NULL,
  `module` varchar(50) DEFAULT NULL,
  KEY `groupId` (`role_id`),
  KEY `nodeId` (`node_id`)
) ENGINE=MyISAM DEFAULT CHARSET=utf8;

--
-- è½¬å­˜è¡¨ä¸­çš„æ•°æ® `aunet_access`
--

INSERT INTO `aunet_access` (`role_id`, `node_id`, `level`, `module`) VALUES
(5, 59, 3, NULL),
(5, 48, 2, NULL),
(5, 47, 3, NULL),
(4, 70, 3, NULL),
(4, 68, 3, NULL),
(4, 69, 3, NULL),
(4, 62, 2, NULL),
(5, 46, 3, NULL),
(5, 60, 3, NULL),
(5, 61, 3, NULL),
(5, 45, 2, NULL),
(5, 36, 3, NULL),
(5, 37, 3, NULL),
(5, 38, 3, NULL),
(5, 72, 3, NULL),
(5, 63, 3, NULL),
(5, 34, 2, NULL),
(5, 40, 3, NULL),
(5, 41, 3, NULL),
(5, 39, 2, NULL),
(5, 70, 3, NULL),
(5, 68, 3, NULL),
(5, 69, 3, NULL),
(5, 62, 2, NULL),
(5, 33, 1, NULL),
(5, 35, 1, NULL),
(5, 89, 3, NULL),
(5, 88, 2, NULL),
(5, 86, 1, NULL),
(4, 33, 1, NULL),
(5, 58, 3, NULL),
(5, 50, 3, NULL),
(5, 49, 3, NULL),
(4, 104, 3, NULL),
(4, 103, 2, NULL),
(4, 91, 1, NULL);

-- --------------------------------------------------------

--
-- è¡¨çš„ç»“æ„ `aunet_advise`
--

CREATE TABLE IF NOT EXISTS `aunet_advise` (
  `id` int(11) NOT NULL AUTO_INCREMENT,
  `name` varchar(30) DEFAULT NULL,
  `phone` varchar(15) DEFAULT NULL,
  `qq` varchar(9) DEFAULT NULL,
  `title` varchar(15) NOT NULL DEFAULT ' ',
  `content` text NOT NULL,
  `feedback` tinyint(1) NOT NULL DEFAULT '0',
  `time` timestamp NOT NULL DEFAULT CURRENT_TIMESTAMP,
  PRIMARY KEY (`id`)
) ENGINE=MyISAM  DEFAULT CHARSET=utf8 AUTO_INCREMENT=10 ;

--
-- è½¬å­˜è¡¨ä¸­çš„æ•°æ® `aunet_advise`
--

INSERT INTO `aunet_advise` (`id`, `name`, `phone`, `qq`, `title`, `content`, `feedback`, `time`) VALUES
(7, 'aaa', 'aaa', 'aaa', 'aaa', 'aaaa', 1, '2015-04-25 08:42:48'),
(9, 'aaa', 'aaa', 'aaa', 'aaa', 'aaa', 1, '2015-04-28 10:54:31');

-- --------------------------------------------------------

--
-- è¡¨çš„ç»“æ„ `aunet_announce`
--

CREATE TABLE IF NOT EXISTS `aunet_announce` (
  `id` int(10) unsigned NOT NULL AUTO_INCREMENT,
  `uid` int(10) unsigned NOT NULL DEFAULT '0',
  `title` varchar(30) NOT NULL DEFAULT '',
  `time` int(10) unsigned NOT NULL DEFAULT '0',
  PRIMARY KEY (`id`),
  UNIQUE KEY `uid` (`uid`)
) ENGINE=MyISAM  DEFAULT CHARSET=utf8 AUTO_INCREMENT=3 ;

--
-- è½¬å­˜è¡¨ä¸­çš„æ•°æ® `aunet_announce`
--

INSERT INTO `aunet_announce` (`id`, `uid`, `title`, `time`) VALUES
(2, 1, 'æ˜å¤©ç¤¾å›¢ç½‘ä¸Šçº¿', 1429942058);

-- --------------------------------------------------------

--
-- è¡¨çš„ç»“æ„ `aunet_attr`
--

CREATE TABLE IF NOT EXISTS `aunet_attr` (
  `id` int(10) unsigned NOT NULL AUTO_INCREMENT,
  `name` char(10) NOT NULL DEFAULT '',
  `color` char(10) NOT NULL DEFAULT '',
  PRIMARY KEY (`id`)
) ENGINE=MyISAM  DEFAULT CHARSET=utf8 AUTO_INCREMENT=7 ;

--
-- è½¬å­˜è¡¨ä¸­çš„æ•°æ® `aunet_attr`
--

INSERT INTO `aunet_attr` (`id`, `name`, `color`) VALUES
(2, 'ç²¾å', 'green'),
(4, 'æœ€æ–°', 'red');

-- --------------------------------------------------------

--
-- è¡¨çš„ç»“æ„ `aunet_cate`
--

CREATE TABLE IF NOT EXISTS `aunet_cate` (
  `id` int(10) unsigned NOT NULL AUTO_INCREMENT,
  `name` char(15) NOT NULL DEFAULT '',
  `pid` int(10) unsigned NOT NULL DEFAULT '0',
  `sort` smallint(6) NOT NULL DEFAULT '100',
  PRIMARY KEY (`id`),
  KEY `pid` (`pid`)
) ENGINE=MyISAM  DEFAULT CHARSET=utf8 AUTO_INCREMENT=19 ;

--
-- è½¬å­˜è¡¨ä¸­çš„æ•°æ® `aunet_cate`
--

INSERT INTO `aunet_cate` (`id`, `name`, `pid`, `sort`) VALUES
(10, 'ç¤¾è”', 0, 100),
(13, 'ç¤¾å›¢', 0, 100),
(18, 'æ³•è¯­', 13, 100);

-- --------------------------------------------------------

--
-- è¡¨çš„ç»“æ„ `aunet_doc`
--

CREATE TABLE IF NOT EXISTS `aunet_doc` (
  `id` int(10) unsigned NOT NULL AUTO_INCREMENT,
  `filename` char(50) NOT NULL DEFAULT '',
  `remark` varchar(32) NOT NULL DEFAULT '',
  `user` varchar(20) NOT NULL DEFAULT '',
  `time` int(10) unsigned NOT NULL DEFAULT '0',
  PRIMARY KEY (`id`)
) ENGINE=MyISAM  DEFAULT CHARSET=utf8 AUTO_INCREMENT=32 ;

--
-- è½¬å­˜è¡¨ä¸­çš„æ•°æ® `aunet_doc`
--

INSERT INTO `aunet_doc` (`id`, `filename`, `remark`, `user`, `time`) VALUES
(30, './Upload/UploadsDoc/test/54e07c4258005.docx', 'ç¤¾å›¢ç½‘æ€»ä½“éœ€æ±‚.docx', 'test', 1423998018),
(29, './Upload/UploadsDoc/admin/54e05d1a08a86.docx', 'ç¤¾å›¢ç½‘æ€»ä½“éœ€æ±‚.docx', 'admin', 1423990042),
(28, './Upload/UploadsDoc/admin/54e05d1a0869d.docx', 'ç¤¾å›¢ç½‘.docx', 'admin', 1423990042),
(27, './Upload/UploadsDoc/admin/54e05d1a07ecd.docx', '[ç¤¾å›¢éƒ¨]ç¤¾å›¢ç½‘åœºåœ°ç‰©èµ„å€Ÿç”¨åŠç›¸å…³åŠŸèƒ½ä¸è¦æ±‚.docx', 'admin', 1423990042),
(26, './Upload/UploadsDoc/admin/54e05b90b5a1f.docx', 'ç¤¾å›¢ç½‘.docx', 'admin', 1423989648),
(31, './Upload/UploadsDoc/admin/54e093cf597e7.docx', 'ç¤¾å›¢ç½‘æ€»ä½“éœ€æ±‚.docx', 'admin', 1424004047);

-- --------------------------------------------------------

--
-- è¡¨çš„ç»“æ„ `aunet_event`
--

CREATE TABLE IF NOT EXISTS `aunet_event` (
  `id` int(11) NOT NULL AUTO_INCREMENT,
  `content` char(255) NOT NULL,
  `pic` text NOT NULL,
  `time` int(10) unsigned NOT NULL DEFAULT '0',
  `year` varchar(4) NOT NULL DEFAULT ' ',
  `month` varchar(4) NOT NULL DEFAULT '',
  `day` varchar(2) NOT NULL DEFAULT ' ',
  PRIMARY KEY (`id`)
) ENGINE=MyISAM  DEFAULT CHARSET=utf8 AUTO_INCREMENT=5 ;

--
-- è½¬å­˜è¡¨ä¸­çš„æ•°æ® `aunet_event`
--

INSERT INTO `aunet_event` (`id`, `content`, `pic`, `time`, `year`, `month`, `day`) VALUES
(4, 'ddd', '/Upload/Event/1989/12/16/554a3c7366019.jpg', 1430928499, '1989', '12', '16');

-- --------------------------------------------------------

--
-- è¡¨çš„ç»“æ„ `aunet_news`
--

CREATE TABLE IF NOT EXISTS `aunet_news` (
  `id` int(10) unsigned NOT NULL AUTO_INCREMENT,
  `title` varchar(30) NOT NULL DEFAULT '',
  `content` text,
  `time` int(10) unsigned NOT NULL DEFAULT '0',
  `cid` int(10) unsigned NOT NULL,
  `del` tinyint(1) unsigned NOT NULL DEFAULT '0',
  `pic` text NOT NULL,
  `src` text NOT NULL,
  `text` text,
  PRIMARY KEY (`id`),
  KEY `cid` (`cid`)
) ENGINE=MyISAM  DEFAULT CHARSET=utf8 AUTO_INCREMENT=68 ;

--
-- è½¬å­˜è¡¨ä¸­çš„æ•°æ® `aunet_news`
--

INSERT INTO `aunet_news` (`id`, `title`, `content`, `time`, `cid`, `del`, `pic`, `src`, `text`) VALUES
(67, '111', '<p>11111<br/></p>', 1430066145, 10, 0, ' ', '', '11111'),
(66, 'asdf', '<p>asdfasdf<img src="/AUNET./Upload/news/image/1/20150425/553b4cfb36ae5.png" title="553b4cfb36ae5.png" alt="ä¸‹è½½.png"/>asdf11111</p>', 1429949702, 10, 0, '/AUNET./Upload/news/image/1/20150425/553b4cfb36ae5.png', ' /AUNET./Upload/news/image/1/20150425/553b4cfb36ae5.png', 'asdfasdfasdf11111');

-- --------------------------------------------------------

--
-- è¡¨çš„ç»“æ„ `aunet_news_attr`
--

CREATE TABLE IF NOT EXISTS `aunet_news_attr` (
  `nid` int(10) unsigned NOT NULL,
  `aid` int(10) unsigned NOT NULL,
  KEY `nid` (`nid`),
  KEY `aid` (`aid`)
) ENGINE=MyISAM DEFAULT CHARSET=utf8;

--
-- è½¬å­˜è¡¨ä¸­çš„æ•°æ® `aunet_news_attr`
--

INSERT INTO `aunet_news_attr` (`nid`, `aid`) VALUES
(2, 1),
(3, 1),
(3, 2),
(5, 1),
(5, 2),
(6, 2),
(7, 2),
(8, 2),
(8, 4),
(10, 2),
(11, 2),
(12, 2),
(13, 2),
(14, 2),
(15, 2),
(16, 2),
(17, 2),
(17, 4),
(21, 4),
(22, 2),
(29, 4),
(28, 2),
(30, 2),
(34, 2),
(35, 2),
(36, 2),
(37, 2),
(39, 2),
(40, 2),
(42, 2),
(43, 2),
(44, 2),
(45, 2),
(46, 4),
(47, 2),
(47, 4),
(48, 2),
(49, 2),
(50, 4),
(51, 4),
(52, 2),
(53, 2),
(55, 2),
(56, 2),
(57, 4),
(58, 2),
(60, 2),
(61, 2),
(62, 2),
(65, 2),
(66, 2),
(67, 2);

-- --------------------------------------------------------

--
-- è¡¨çš„ç»“æ„ `aunet_node`
--

CREATE TABLE IF NOT EXISTS `aunet_node` (
  `id` smallint(6) unsigned NOT NULL AUTO_INCREMENT,
  `name` varchar(20) NOT NULL,
  `title` varchar(50) DEFAULT NULL,
  `status` tinyint(1) DEFAULT '0',
  `remark` varchar(255) DEFAULT NULL,
  `sort` smallint(6) unsigned DEFAULT NULL,
  `pid` smallint(6) unsigned NOT NULL,
  `level` tinyint(1) unsigned NOT NULL,
  PRIMARY KEY (`id`),
  KEY `level` (`level`),
  KEY `pid` (`pid`),
  KEY `status` (`status`),
  KEY `name` (`name`)
) ENGINE=MyISAM  DEFAULT CHARSET=utf8 AUTO_INCREMENT=108 ;

--
-- è½¬å­˜è¡¨ä¸­çš„æ•°æ® `aunet_node`
--

INSERT INTO `aunet_node` (`id`, `name`, `title`, `status`, `remark`, `sort`, `pid`, `level`) VALUES
(33, 'Admin', 'åå°', 1, NULL, 1, 0, 1),
(34, 'News', 'æ–°é—»ç®¡ç†', 1, NULL, 1, 33, 2),
(35, 'Home', 'å‰å°', 1, NULL, 1, 0, 1),
(36, 'news_index', 'æ–‡ç« åˆ—è¡¨', 1, NULL, 1, 34, 3),
(37, 'addNews', 'æ·»åŠ æ–°é—»', 1, NULL, 1, 34, 3),
(38, 'trash', 'å›æ”¶ç«™', 1, NULL, 1, 34, 3),
(39, 'Upload', 'èµ„æ–™ä¸Šä¼ ', 1, NULL, 1, 33, 2),
(40, 'upload_index', 'ä¸Šä¼ é™„ä»¶', 1, NULL, 1, 39, 3),
(41, 'doc_list', 'èµ„æ–™åˆ—è¡¨', 1, NULL, 1, 39, 3),
(46, 'attr_index', 'å±æ€§åˆ—è¡¨', 1, NULL, 1, 45, 3),
(45, 'NewsAttribute', 'å±æ€§ç®¡ç†', 1, NULL, 1, 33, 2),
(47, 'addAttr', 'æ·»åŠ å±æ€§', 1, NULL, 1, 45, 3),
(48, 'Category', 'åˆ†ç±»ç®¡ç†', 1, NULL, 1, 33, 2),
(49, 'cate_index', 'åˆ†ç±»åˆ—è¡¨', 1, NULL, 1, 48, 3),
(50, 'addCate', 'æ·»åŠ åˆ†ç±»', 1, NULL, 1, 48, 3),
(51, 'Rbac', 'æƒé™ç®¡ç†', 1, NULL, 1, 33, 2),
(52, 'role', 'è§’è‰²åˆ—è¡¨', 1, NULL, 1, 51, 3),
(53, 'node', 'èŠ‚ç‚¹åˆ—è¡¨', 1, NULL, 1, 51, 3),
(54, 'user', 'ç”¨æˆ·åˆ—è¡¨', 1, NULL, 1, 51, 3),
(66, 'access', 'é…ç½®æƒé™', 1, NULL, 1, 51, 3),
(65, 'addNode', 'æ·»åŠ èŠ‚ç‚¹', 1, NULL, 1, 51, 3),
(64, 'addUser', 'æ·»åŠ ç”¨æˆ·', 1, NULL, 1, 51, 3),
(58, 'editCate', 'ç¼–è¾‘åˆ†ç±»', 1, NULL, 1, 48, 3),
(59, 'deleteCate', 'åˆ é™¤åˆ†ç±»åŠå…¶å­åˆ†ç±»', 1, NULL, 1, 48, 3),
(60, 'editAttr', 'ç¼–è¾‘å±æ€§', 1, NULL, 1, 45, 3),
(61, 'deleteAttr', 'åˆ é™¤å±æ€§', 1, NULL, 1, 45, 3),
(62, 'Forecast', 'ç¤¾è”å¤§äº‹è®°', 1, NULL, 1, 33, 2),
(63, 'delete', 'åˆ é™¤æ–°é—»', 1, NULL, 1, 34, 3),
(67, 'addRole', 'æ·»åŠ è§’è‰²', 1, NULL, 1, 51, 3),
(68, 'delForecast', 'åˆ é™¤é¢„å‘Š', 1, NULL, 1, 62, 3),
(69, 'editForecast', 'ä¿®æ”¹é¢„å‘Š', 1, NULL, 1, 62, 3),
(70, 'addForecast', 'æ·»åŠ é¢„å‘Š', 1, NULL, 1, 62, 3),
(71, 'lock', 'é”å®šç”¨æˆ·', 1, NULL, 1, 51, 3),
(72, 'clearCache', 'æ¸…é™¤ç¼“å­˜', 1, NULL, 1, 34, 3),
(103, 'Material', 'ç‰©èµ„ç³»ç»Ÿ', 1, NULL, 1, 91, 2),
(104, 'material_index', 'ç‰©èµ„ç³»ç»Ÿç•Œé¢', 1, NULL, 1, 103, 3),
(94, 'Design', 'è®¾è®¡å§”ä»»', 1, NULL, 1, 0, 1),
(105, 'Grade', 'è¯„åˆ†ç³»ç»Ÿ', 1, NULL, 1, 97, 2),
(106, 'grade_index', 'è¯„åˆ†ç³»ç»Ÿç•Œé¢', 1, NULL, 1, 105, 3),
(107, 'Userdel', 'åˆ é™¤ç”¨æˆ·', 1, NULL, 8, 51, 3),
(91, 'Material', 'ç‰©èµ„ç³»ç»Ÿ', 1, NULL, 1, 0, 1),
(97, 'Grade', 'è¯„åˆ†ç³»ç»Ÿ', 1, NULL, 1, 0, 1),
(101, 'design_index', 'è®¾è®¡å§”ä»»ç•Œé¢', 1, NULL, 1, 100, 3),
(100, 'Design', 'è®¾è®¡å§”ä»»', 1, NULL, 1, 94, 2);

-- --------------------------------------------------------

--
-- è¡¨çš„ç»“æ„ `aunet_role`
--

CREATE TABLE IF NOT EXISTS `aunet_role` (
  `id` smallint(6) unsigned NOT NULL AUTO_INCREMENT,
  `name` varchar(20) NOT NULL,
  `pid` smallint(6) DEFAULT NULL,
  `status` tinyint(1) unsigned DEFAULT NULL,
  `remark` varchar(255) DEFAULT NULL,
  PRIMARY KEY (`id`),
  KEY `pid` (`pid`),
  KEY `status` (`status`)
) ENGINE=MyISAM  DEFAULT CHARSET=utf8 AUTO_INCREMENT=6 ;

--
-- è½¬å­˜è¡¨ä¸­çš„æ•°æ® `aunet_role`
--

INSERT INTO `aunet_role` (`id`, `name`, `pid`, `status`, `remark`) VALUES
(4, 'Editor', NULL, 1, 'ç¼–è¾‘'),
(5, 'Home', NULL, 1, 'å‰å°');

-- --------------------------------------------------------

--
-- è¡¨çš„ç»“æ„ `aunet_role_user`
--

CREATE TABLE IF NOT EXISTS `aunet_role_user` (
  `role_id` mediumint(9) unsigned DEFAULT NULL,
  `user_id` char(32) DEFAULT NULL,
  KEY `group_id` (`role_id`),
  KEY `user_id` (`user_id`)
) ENGINE=MyISAM DEFAULT CHARSET=utf8;

--
-- è½¬å­˜è¡¨ä¸­çš„æ•°æ® `aunet_role_user`
--

INSERT INTO `aunet_role_user` (`role_id`, `user_id`) VALUES
(4, '5'),
(4, '6'),
(5, '6'),
(4, '7');

-- --------------------------------------------------------

--
-- è¡¨çš„ç»“æ„ `aunet_user`
--

CREATE TABLE IF NOT EXISTS `aunet_user` (
  `id` int(10) unsigned NOT NULL AUTO_INCREMENT,
  `username` varchar(30) NOT NULL DEFAULT '',
  `password` char(32) NOT NULL DEFAULT '',
  `logintime` int(10) unsigned NOT NULL,
  `loginip` varchar(30) NOT NULL,
  `lock` tinyint(1) unsigned NOT NULL DEFAULT '0',
  PRIMARY KEY (`id`),
  UNIQUE KEY `username` (`username`)
) ENGINE=MyISAM  DEFAULT CHARSET=utf8 AUTO_INCREMENT=8 ;

--
-- è½¬å­˜è¡¨ä¸­çš„æ•°æ® `aunet_user`
--

INSERT INTO `aunet_user` (`id`, `username`, `password`, `logintime`, `loginip`, `lock`) VALUES
(1, 'admin', '21232f297a57a5a743894a0e4a801fc3', 1436361085, '127.0.0.1', 0),
(7, 'test', '098f6bcd4621d373cade4e832627b4f6', 1434380153, '127.0.0.1', 0);

/*!40101 SET CHARACTER_SET_CLIENT=@OLD_CHARACTER_SET_CLIENT */;
/*!40101 SET CHARACTER_SET_RESULTS=@OLD_CHARACTER_SET_RESULTS */;
/*!40101 SET COLLATION_CONNECTION=@OLD_COLLATION_CONNECTION */;
