-- phpMyAdmin SQL Dump
-- version 4.0.4.1
-- http://www.phpmyadmin.net
--
-- ‰∏ªÊú∫: 127.0.0.1
-- ÁîüÊàêÊó•Êúü: 2015 Âπ?10 Êú?11 Êó?16:12
-- ÊúçÂä°Âô®ÁâàÊú¨: 5.6.11
-- PHP ÁâàÊú¨: 5.5.1

SET SQL_MODE = "NO_AUTO_VALUE_ON_ZERO";
SET time_zone = "+00:00";


/*!40101 SET @OLD_CHARACTER_SET_CLIENT=@@CHARACTER_SET_CLIENT */;
/*!40101 SET @OLD_CHARACTER_SET_RESULTS=@@CHARACTER_SET_RESULTS */;
/*!40101 SET @OLD_COLLATION_CONNECTION=@@COLLATION_CONNECTION */;
/*!40101 SET NAMES utf8 */;

--
-- Êï∞ÊçÆÂ∫ì: `aunet`
--
CREATE DATABASE IF NOT EXISTS `aunet` DEFAULT CHARACTER SET utf8 COLLATE utf8_general_ci;
USE `aunet`;

-- --------------------------------------------------------

--
-- Ë°®ÁöÑÁªìÊûÑ `aunet_access`
--

CREATE TABLE IF NOT EXISTS `aunet_access` (
  `role_id` smallint(6) unsigned NOT NULL,
  `node_id` smallint(6) unsigned NOT NULL,
  `level` tinyint(1) NOT NULL,
  `module` varchar(50) DEFAULT NULL,
  KEY `groupId` (`role_id`),
  KEY `nodeId` (`node_id`)
) ENGINE=MyISAM DEFAULT CHARSET=utf8;

--
-- ËΩ¨Â≠òË°®‰∏≠ÁöÑÊï∞ÊçÆ `aunet_access`
--

INSERT INTO `aunet_access` (`role_id`, `node_id`, `level`, `module`) VALUES
(5, 59, 3, NULL),
(5, 48, 2, NULL),
(5, 47, 3, NULL),
(4, 70, 3, NULL),
(4, 68, 3, NULL),
(4, 69, 3, NULL),
(4, 62, 2, NULL),
(5, 46, 3, NULL),
(5, 60, 3, NULL),
(5, 61, 3, NULL),
(5, 45, 2, NULL),
(5, 36, 3, NULL),
(5, 37, 3, NULL),
(5, 38, 3, NULL),
(5, 72, 3, NULL),
(5, 63, 3, NULL),
(5, 34, 2, NULL),
(5, 40, 3, NULL),
(5, 41, 3, NULL),
(5, 39, 2, NULL),
(5, 70, 3, NULL),
(5, 68, 3, NULL),
(5, 69, 3, NULL),
(5, 62, 2, NULL),
(5, 33, 1, NULL),
(5, 35, 1, NULL),
(5, 89, 3, NULL),
(5, 88, 2, NULL),
(5, 86, 1, NULL),
(4, 33, 1, NULL),
(5, 58, 3, NULL),
(5, 50, 3, NULL),
(5, 49, 3, NULL),
(4, 104, 3, NULL),
(4, 103, 2, NULL),
(4, 91, 1, NULL),
(5, 59, 3, NULL),
(5, 48, 2, NULL),
(5, 47, 3, NULL),
(4, 70, 3, NULL),
(4, 68, 3, NULL),
(4, 69, 3, NULL),
(4, 62, 2, NULL),
(5, 46, 3, NULL),
(5, 60, 3, NULL),
(5, 61, 3, NULL),
(5, 45, 2, NULL),
(5, 36, 3, NULL),
(5, 37, 3, NULL),
(5, 38, 3, NULL),
(5, 72, 3, NULL),
(5, 63, 3, NULL),
(5, 34, 2, NULL),
(5, 40, 3, NULL),
(5, 41, 3, NULL),
(5, 39, 2, NULL),
(5, 70, 3, NULL),
(5, 68, 3, NULL),
(5, 69, 3, NULL),
(5, 62, 2, NULL),
(5, 33, 1, NULL),
(5, 35, 1, NULL),
(5, 89, 3, NULL),
(5, 88, 2, NULL),
(5, 86, 1, NULL),
(4, 33, 1, NULL),
(5, 58, 3, NULL),
(5, 50, 3, NULL),
(5, 49, 3, NULL),
(4, 104, 3, NULL),
(4, 103, 2, NULL),
(4, 91, 1, NULL);

-- --------------------------------------------------------

--
-- Ë°®ÁöÑÁªìÊûÑ `aunet_advise`
--

CREATE TABLE IF NOT EXISTS `aunet_advise` (
  `id` int(11) NOT NULL AUTO_INCREMENT,
  `name` varchar(30) DEFAULT NULL,
  `phone` varchar(15) DEFAULT NULL,
  `qq` varchar(9) DEFAULT NULL,
  `title` varchar(15) NOT NULL DEFAULT ' ',
  `content` text NOT NULL,
  `feedback` tinyint(1) NOT NULL DEFAULT '0',
  `time` timestamp NOT NULL DEFAULT CURRENT_TIMESTAMP,
  PRIMARY KEY (`id`)
) ENGINE=MyISAM  DEFAULT CHARSET=utf8 AUTO_INCREMENT=10 ;

--
-- ËΩ¨Â≠òË°®‰∏≠ÁöÑÊï∞ÊçÆ `aunet_advise`
--

INSERT INTO `aunet_advise` (`id`, `name`, `phone`, `qq`, `title`, `content`, `feedback`, `time`) VALUES
(7, 'aaa', 'aaa', 'aaa', 'aaa', 'aaaa', 1, '2015-04-25 08:42:48'),
(9, 'aaa', 'aaa', 'aaa', 'aaa', 'aaa', 1, '2015-04-28 10:54:31');

-- --------------------------------------------------------

--
-- Ë°®ÁöÑÁªìÊûÑ `aunet_announce`
--

CREATE TABLE IF NOT EXISTS `aunet_announce` (
  `id` int(10) unsigned NOT NULL AUTO_INCREMENT,
  `uid` int(10) unsigned NOT NULL DEFAULT '0',
  `title` varchar(30) NOT NULL DEFAULT '',
  `time` int(10) unsigned NOT NULL DEFAULT '0',
  PRIMARY KEY (`id`),
  UNIQUE KEY `uid` (`uid`)
) ENGINE=MyISAM  DEFAULT CHARSET=utf8 AUTO_INCREMENT=3 ;

--
-- ËΩ¨Â≠òË°®‰∏≠ÁöÑÊï∞ÊçÆ `aunet_announce`
--

INSERT INTO `aunet_announce` (`id`, `uid`, `title`, `time`) VALUES
(2, 1, 'ÊòéÂ§©Á§æÂõ¢ÁΩë‰∏äÁ∫ø', 1429942058);

-- --------------------------------------------------------

--
-- Ë°®ÁöÑÁªìÊûÑ `aunet_attr`
--

CREATE TABLE IF NOT EXISTS `aunet_attr` (
  `id` int(10) unsigned NOT NULL AUTO_INCREMENT,
  `name` char(10) NOT NULL DEFAULT '',
  `color` char(10) NOT NULL DEFAULT '',
  PRIMARY KEY (`id`)
) ENGINE=MyISAM  DEFAULT CHARSET=utf8 AUTO_INCREMENT=7 ;

--
-- ËΩ¨Â≠òË°®‰∏≠ÁöÑÊï∞ÊçÆ `aunet_attr`
--

INSERT INTO `aunet_attr` (`id`, `name`, `color`) VALUES
(2, 'Á≤æÂçé', 'green'),
(4, 'ÊúÄÊñ∞', 'red');

-- --------------------------------------------------------

--
-- Ë°®ÁöÑÁªìÊûÑ `aunet_buildingclassroom`
--

CREATE TABLE IF NOT EXISTS `aunet_buildingclassroom` (
  `AssociationName` varchar(256) NOT NULL,
  `ActivityName` varchar(256) NOT NULL,
  `Time` varchar(256) NOT NULL,
  `Place` varchar(256) NOT NULL,
  `ParticipantNumber` varchar(256) NOT NULL,
  `ActivityContent` varchar(256) NOT NULL,
  `id` int(16) NOT NULL AUTO_INCREMENT,
  `Username` varchar(64) NOT NULL,
  `ReviewState` int(4) NOT NULL,
  `ReviewAdvice` varchar(256) NOT NULL,
  `CreateTime` char(23) NOT NULL,
  PRIMARY KEY (`id`)
) ENGINE=InnoDB DEFAULT CHARSET=utf8 AUTO_INCREMENT=1 ;

-- --------------------------------------------------------

--
-- Ë°®ÁöÑÁªìÊûÑ `aunet_cate`
--

CREATE TABLE IF NOT EXISTS `aunet_cate` (
  `id` int(10) unsigned NOT NULL AUTO_INCREMENT,
  `name` char(15) NOT NULL DEFAULT '',
  `pid` int(10) unsigned NOT NULL DEFAULT '0',
  `sort` smallint(6) NOT NULL DEFAULT '100',
  PRIMARY KEY (`id`),
  KEY `pid` (`pid`)
) ENGINE=MyISAM  DEFAULT CHARSET=utf8 AUTO_INCREMENT=19 ;

--
-- ËΩ¨Â≠òË°®‰∏≠ÁöÑÊï∞ÊçÆ `aunet_cate`
--

INSERT INTO `aunet_cate` (`id`, `name`, `pid`, `sort`) VALUES
(10, 'Á§æËÅî', 0, 100),
(13, 'Á§æÂõ¢', 0, 100),
(18, 'Ê≥ïËØ≠', 13, 100);

-- --------------------------------------------------------

--
-- Ë°®ÁöÑÁªìÊûÑ `aunet_colorprinting`
--

CREATE TABLE IF NOT EXISTS `aunet_colorprinting` (
  `AssociationName` varchar(256) NOT NULL,
  `Name` varchar(256) NOT NULL,
  `Phone` varchar(256) NOT NULL,
  `ActivityContent` varchar(256) NOT NULL,
  `ActivityDate` varchar(256) NOT NULL,
  `UseTime` varchar(256) NOT NULL,
  `UsePlace` varchar(256) NOT NULL,
  `Commercial` varchar(256) NOT NULL,
  `Remarks` varchar(256) NOT NULL,
  `id` int(16) NOT NULL AUTO_INCREMENT,
  `Username` varchar(64) NOT NULL,
  `ReviewState` int(4) NOT NULL,
  `ReviewAdvice` varchar(256) NOT NULL,
  `CreateTime` char(23) NOT NULL,
  PRIMARY KEY (`id`)
) ENGINE=InnoDB DEFAULT CHARSET=utf8 AUTO_INCREMENT=1 ;

-- --------------------------------------------------------

--
-- Ë°®ÁöÑÁªìÊûÑ `aunet_design`
--

CREATE TABLE IF NOT EXISTS `aunet_design` (
  `id` int(10) NOT NULL AUTO_INCREMENT,
  `time` varchar(15) NOT NULL DEFAULT '',
  `content` varchar(50) NOT NULL DEFAULT '',
  `phone` varchar(15) DEFAULT NULL,
  `done` tinyint(1) NOT NULL DEFAULT '0',
  PRIMARY KEY (`id`)
) ENGINE=MyISAM  DEFAULT CHARSET=utf8 AUTO_INCREMENT=11 ;

--
-- ËΩ¨Â≠òË°®‰∏≠ÁöÑÊï∞ÊçÆ `aunet_design`
--

INSERT INTO `aunet_design` (`id`, `time`, `content`, `phone`, `done`) VALUES
(7, '2015.3.1', 'ÊµãËØï', '13018060139', 0),
(6, '2015.2.1', 'ÊµãËØï', '13018060139', 0),
(9, '2015.1.2', 'ÊµãËØï', '13018060139', 0),
(10, '2015.1.1', 'ÊµãËØï', '13018060139', 0);

-- --------------------------------------------------------

--
-- Ë°®ÁöÑÁªìÊûÑ `aunet_doc`
--

CREATE TABLE IF NOT EXISTS `aunet_doc` (
  `id` int(10) unsigned NOT NULL AUTO_INCREMENT,
  `filename` char(50) NOT NULL DEFAULT '',
  `remark` varchar(32) NOT NULL DEFAULT '',
  `user` varchar(20) NOT NULL DEFAULT '',
  `time` int(10) unsigned NOT NULL DEFAULT '0',
  PRIMARY KEY (`id`)
) ENGINE=MyISAM  DEFAULT CHARSET=utf8 AUTO_INCREMENT=32 ;

--
-- ËΩ¨Â≠òË°®‰∏≠ÁöÑÊï∞ÊçÆ `aunet_doc`
--

INSERT INTO `aunet_doc` (`id`, `filename`, `remark`, `user`, `time`) VALUES
(30, './Upload/UploadsDoc/test/54e07c4258005.docx', 'Á§æÂõ¢ÁΩëÊÄª‰ΩìÈúÄÊ±Ç.docx', 'test', 1423998018),
(29, './Upload/UploadsDoc/admin/54e05d1a08a86.docx', 'Á§æÂõ¢ÁΩëÊÄª‰ΩìÈúÄÊ±Ç.docx', 'admin', 1423990042),
(28, './Upload/UploadsDoc/admin/54e05d1a0869d.docx', 'Á§æÂõ¢ÁΩë.docx', 'admin', 1423990042),
(27, './Upload/UploadsDoc/admin/54e05d1a07ecd.docx', '[Á§æÂõ¢ÈÉ®]Á§æÂõ¢ÁΩëÂú∫Âú∞Áâ©ËµÑÂÄüÁî®ÂèäÁõ∏ÂÖ≥ÂäüËÉΩ‰∏éË¶ÅÊ±Ç.docx', 'admin', 1423990042),
(26, './Upload/UploadsDoc/admin/54e05b90b5a1f.docx', 'Á§æÂõ¢ÁΩë.docx', 'admin', 1423989648),
(31, './Upload/UploadsDoc/admin/54e093cf597e7.docx', 'Á§æÂõ¢ÁΩëÊÄª‰ΩìÈúÄÊ±Ç.docx', 'admin', 1424004047);

-- --------------------------------------------------------

--
-- Ë°®ÁöÑÁªìÊûÑ `aunet_eastthird`
--

CREATE TABLE IF NOT EXISTS `aunet_eastthird` (
  `AssociationName` varchar(256) NOT NULL,
  `ActivityName` varchar(256) NOT NULL,
  `ParticipantNumber` varchar(256) NOT NULL,
  `Date` varchar(256) NOT NULL,
  `Time` varchar(256) NOT NULL,
  `ActivityContent` varchar(256) NOT NULL,
  `Sponsor` varchar(256) NOT NULL,
  `SponsorWay` varchar(256) NOT NULL,
  `ResponsiblePeople` varchar(256) NOT NULL,
  `Phone` varchar(256) NOT NULL,
  `AssociationOpinion` varchar(256) NOT NULL,
  `AUOpnion` varchar(256) NOT NULL,
  `AUer` varchar(256) NOT NULL,
  `AUPhone` varchar(256) NOT NULL,
  `id` int(16) NOT NULL AUTO_INCREMENT,
  `Username` varchar(64) NOT NULL,
  `ReviewState` int(4) NOT NULL,
  `ReviewAdvice` varchar(256) NOT NULL,
  `CreateTime` char(23) NOT NULL,
  PRIMARY KEY (`id`)
) ENGINE=InnoDB DEFAULT CHARSET=utf8 AUTO_INCREMENT=1 ;

-- --------------------------------------------------------

--
-- Ë°®ÁöÑÁªìÊûÑ `aunet_event`
--

CREATE TABLE IF NOT EXISTS `aunet_event` (
  `id` int(11) NOT NULL AUTO_INCREMENT,
  `content` char(255) NOT NULL,
  `pic` text NOT NULL,
  `time` int(10) unsigned NOT NULL DEFAULT '0',
  `year` varchar(4) NOT NULL DEFAULT ' ',
  `month` varchar(4) NOT NULL DEFAULT '',
  `day` varchar(2) NOT NULL DEFAULT ' ',
  PRIMARY KEY (`id`)
) ENGINE=MyISAM  DEFAULT CHARSET=utf8 AUTO_INCREMENT=5 ;

--
-- ËΩ¨Â≠òË°®‰∏≠ÁöÑÊï∞ÊçÆ `aunet_event`
--

INSERT INTO `aunet_event` (`id`, `content`, `pic`, `time`, `year`, `month`, `day`) VALUES
(4, 'ddd', '/Upload/Event/1989/12/16/554a3c7366019.jpg', 1430928499, '1989', '12', '16');

-- --------------------------------------------------------

--
-- Ë°®ÁöÑÁªìÊûÑ `aunet_forecast`
--

CREATE TABLE IF NOT EXISTS `aunet_forecast` (
  `id` int(11) NOT NULL AUTO_INCREMENT,
  `username` varchar(20) NOT NULL,
  `time` int(11) NOT NULL,
  `title` varchar(20) NOT NULL,
  `place` varchar(20) NOT NULL,
  PRIMARY KEY (`id`),
  UNIQUE KEY `username` (`username`)
) ENGINE=MyISAM  DEFAULT CHARSET=utf8 AUTO_INCREMENT=2 ;

--
-- ËΩ¨Â≠òË°®‰∏≠ÁöÑÊï∞ÊçÆ `aunet_forecast`
--

INSERT INTO `aunet_forecast` (`id`, `username`, `time`, `title`, `place`) VALUES
(1, 'admin', 1444571259, 'fff', 'fff');

-- --------------------------------------------------------

--
-- Ë°®ÁöÑÁªìÊûÑ `aunet_news`
--

CREATE TABLE IF NOT EXISTS `aunet_news` (
  `id` int(10) unsigned NOT NULL AUTO_INCREMENT,
  `title` varchar(30) NOT NULL DEFAULT '',
  `content` text,
  `time` int(10) unsigned NOT NULL DEFAULT '0',
  `cid` int(10) unsigned NOT NULL,
  `del` tinyint(1) unsigned NOT NULL DEFAULT '0',
  `pic` text NOT NULL,
  `src` text NOT NULL,
  `text` text,
  PRIMARY KEY (`id`),
  KEY `cid` (`cid`)
) ENGINE=MyISAM  DEFAULT CHARSET=utf8 AUTO_INCREMENT=69 ;

--
-- ËΩ¨Â≠òË°®‰∏≠ÁöÑÊï∞ÊçÆ `aunet_news`
--

INSERT INTO `aunet_news` (`id`, `title`, `content`, `time`, `cid`, `del`, `pic`, `src`, `text`) VALUES
(67, '111', '<p>11111<br/></p>', 1430066145, 10, 0, ' ', '', '11111'),
(66, 'asdf', '<p>asdfasdf<img src="/AUNET./Upload/news/image/1/20150425/553b4cfb36ae5.png" title="553b4cfb36ae5.png" alt="‰∏ãËΩΩ.png"/>asdf11111</p>', 1429949702, 10, 0, '/AUNET./Upload/news/image/1/20150425/553b4cfb36ae5.png', ' /AUNET./Upload/news/image/1/20150425/553b4cfb36ae5.png', 'asdfasdfasdf11111'),
(68, 'aaa', '<p>aaaaaaaaaaaaaaaaaaaaaaaaaaaaaaaaaaaaaaaaaaaaaaaaaaaaaaaaaaaaaaaaaaaaaaaaaaaaaaaaaaaaaaaaaaaaaaaaaaaaaaaaaaaaaaaaaaaaaa</p>', 1444571014, 10, 0, ' ', '', 'aaaaaaaaaaaaaaaaaaaaaaaaaaaaaaaaaaaaaaaaaaaaaaaaaaaaaaaaaaaaaaaaaaaaaaaaaaaaaaaaaaaaaaaaaaaaaaaaaaaaaaaaaaaaaaaaaaaaaa');

-- --------------------------------------------------------

--
-- Ë°®ÁöÑÁªìÊûÑ `aunet_news_attr`
--

CREATE TABLE IF NOT EXISTS `aunet_news_attr` (
  `nid` int(10) unsigned NOT NULL,
  `aid` int(10) unsigned NOT NULL,
  KEY `nid` (`nid`),
  KEY `aid` (`aid`)
) ENGINE=MyISAM DEFAULT CHARSET=utf8;

--
-- ËΩ¨Â≠òË°®‰∏≠ÁöÑÊï∞ÊçÆ `aunet_news_attr`
--

INSERT INTO `aunet_news_attr` (`nid`, `aid`) VALUES
(2, 1),
(3, 1),
(3, 2),
(5, 1),
(5, 2),
(6, 2),
(7, 2),
(8, 2),
(8, 4),
(10, 2),
(11, 2),
(12, 2),
(13, 2),
(14, 2),
(15, 2),
(16, 2),
(17, 2),
(17, 4),
(21, 4),
(22, 2),
(29, 4),
(28, 2),
(30, 2),
(34, 2),
(35, 2),
(36, 2),
(37, 2),
(39, 2),
(40, 2),
(42, 2),
(43, 2),
(44, 2),
(45, 2),
(46, 4),
(47, 2),
(47, 4),
(48, 2),
(49, 2),
(50, 4),
(51, 4),
(52, 2),
(53, 2),
(55, 2),
(56, 2),
(57, 4),
(58, 2),
(60, 2),
(61, 2),
(62, 2),
(65, 2),
(66, 2),
(67, 2),
(68, 2);

-- --------------------------------------------------------

--
-- Ë°®ÁöÑÁªìÊûÑ `aunet_node`
--

CREATE TABLE IF NOT EXISTS `aunet_node` (
  `id` smallint(6) unsigned NOT NULL AUTO_INCREMENT,
  `name` varchar(20) NOT NULL,
  `title` varchar(50) DEFAULT NULL,
  `status` tinyint(1) DEFAULT '0',
  `remark` varchar(255) DEFAULT NULL,
  `sort` smallint(6) unsigned DEFAULT NULL,
  `pid` smallint(6) unsigned NOT NULL,
  `level` tinyint(1) unsigned NOT NULL,
  PRIMARY KEY (`id`),
  KEY `level` (`level`),
  KEY `pid` (`pid`),
  KEY `status` (`status`),
  KEY `name` (`name`)
) ENGINE=MyISAM  DEFAULT CHARSET=utf8 AUTO_INCREMENT=108 ;

--
-- ËΩ¨Â≠òË°®‰∏≠ÁöÑÊï∞ÊçÆ `aunet_node`
--

INSERT INTO `aunet_node` (`id`, `name`, `title`, `status`, `remark`, `sort`, `pid`, `level`) VALUES
(33, 'Admin', 'ÂêéÂè∞', 1, NULL, 1, 0, 1),
(34, 'News', 'Êñ∞ÈóªÁÆ°ÁêÜ', 1, NULL, 1, 33, 2),
(35, 'Home', 'ÂâçÂè∞', 1, NULL, 1, 0, 1),
(36, 'news_index', 'ÊñáÁ´†ÂàóË°®', 1, NULL, 1, 34, 3),
(37, 'addNews', 'Ê∑ªÂä†Êñ∞Èóª', 1, NULL, 1, 34, 3),
(38, 'trash', 'ÂõûÊî∂Á´ô', 1, NULL, 1, 34, 3),
(39, 'Upload', 'ËµÑÊñô‰∏ä‰º†', 1, NULL, 1, 33, 2),
(40, 'upload_index', '‰∏ä‰º†ÈôÑ‰ª∂', 1, NULL, 1, 39, 3),
(41, 'doc_list', 'ËµÑÊñôÂàóË°®', 1, NULL, 1, 39, 3),
(46, 'attr_index', 'Â±ûÊÄßÂàóË°®', 1, NULL, 1, 45, 3),
(45, 'NewsAttribute', 'Â±ûÊÄßÁÆ°ÁêÜ', 1, NULL, 1, 33, 2),
(47, 'addAttr', 'Ê∑ªÂä†Â±ûÊÄß', 1, NULL, 1, 45, 3),
(48, 'Category', 'ÂàÜÁ±ªÁÆ°ÁêÜ', 1, NULL, 1, 33, 2),
(49, 'cate_index', 'ÂàÜÁ±ªÂàóË°®', 1, NULL, 1, 48, 3),
(50, 'addCate', 'Ê∑ªÂä†ÂàÜÁ±ª', 1, NULL, 1, 48, 3),
(51, 'Rbac', 'ÊùÉÈôêÁÆ°ÁêÜ', 1, NULL, 1, 33, 2),
(52, 'role', 'ËßíËâ≤ÂàóË°®', 1, NULL, 1, 51, 3),
(53, 'node', 'ËäÇÁÇπÂàóË°®', 1, NULL, 1, 51, 3),
(54, 'user', 'Áî®Êà∑ÂàóË°®', 1, NULL, 1, 51, 3),
(66, 'access', 'ÈÖçÁΩÆÊùÉÈôê', 1, NULL, 1, 51, 3),
(65, 'addNode', 'Ê∑ªÂä†ËäÇÁÇπ', 1, NULL, 1, 51, 3),
(64, 'addUser', 'Ê∑ªÂä†Áî®Êà∑', 1, NULL, 1, 51, 3),
(58, 'editCate', 'ÁºñËæëÂàÜÁ±ª', 1, NULL, 1, 48, 3),
(59, 'deleteCate', 'Âà†Èô§ÂàÜÁ±ªÂèäÂÖ∂Â≠êÂàÜÁ±ª', 1, NULL, 1, 48, 3),
(60, 'editAttr', 'ÁºñËæëÂ±ûÊÄß', 1, NULL, 1, 45, 3),
(61, 'deleteAttr', 'Âà†Èô§Â±ûÊÄß', 1, NULL, 1, 45, 3),
(62, 'Forecast', 'Á§æËÅîÂ§ß‰∫ãËÆ∞', 1, NULL, 1, 33, 2),
(63, 'delete', 'Âà†Èô§Êñ∞Èóª', 1, NULL, 1, 34, 3),
(67, 'addRole', 'Ê∑ªÂä†ËßíËâ≤', 1, NULL, 1, 51, 3),
(68, 'delForecast', 'Âà†Èô§È¢ÑÂëä', 1, NULL, 1, 62, 3),
(69, 'editForecast', '‰øÆÊîπÈ¢ÑÂëä', 1, NULL, 1, 62, 3),
(70, 'addForecast', 'Ê∑ªÂä†È¢ÑÂëä', 1, NULL, 1, 62, 3),
(71, 'lock', 'ÈîÅÂÆöÁî®Êà∑', 1, NULL, 1, 51, 3),
(72, 'clearCache', 'Ê∏ÖÈô§ÁºìÂ≠ò', 1, NULL, 1, 34, 3),
(103, 'Material', 'Áâ©ËµÑÁ≥ªÁªü', 1, NULL, 1, 91, 2),
(104, 'material_index', 'Áâ©ËµÑÁ≥ªÁªüÁïåÈù¢', 1, NULL, 1, 103, 3),
(94, 'Design', 'ËÆæËÆ°Âßî‰ªª', 1, NULL, 1, 0, 1),
(105, 'Grade', 'ËØÑÂàÜÁ≥ªÁªü', 1, NULL, 1, 97, 2),
(106, 'grade_index', 'ËØÑÂàÜÁ≥ªÁªüÁïåÈù¢', 1, NULL, 1, 105, 3),
(107, 'Userdel', 'Âà†Èô§Áî®Êà∑', 1, NULL, 8, 51, 3),
(91, 'Material', 'Áâ©ËµÑÁ≥ªÁªü', 1, NULL, 1, 0, 1),
(97, 'Grade', 'ËØÑÂàÜÁ≥ªÁªü', 1, NULL, 1, 0, 1),
(101, 'design_index', 'ËÆæËÆ°Âßî‰ªªÁïåÈù¢', 1, NULL, 1, 100, 3),
(100, 'Design', 'ËÆæËÆ°Âßî‰ªª', 1, NULL, 1, 94, 2);

-- --------------------------------------------------------

--
-- Ë°®ÁöÑÁªìÊûÑ `aunet_otherplace`
--

CREATE TABLE IF NOT EXISTS `aunet_otherplace` (
  `AssociationName` varchar(256) NOT NULL,
  `Path` varchar(256) NOT NULL,
  `Name` varchar(256) NOT NULL,
  `id` int(16) NOT NULL AUTO_INCREMENT,
  `Username` varchar(64) NOT NULL,
  `ReviewState` int(4) NOT NULL,
  `ReviewAdvice` varchar(256) NOT NULL,
  `CreateTime` char(23) NOT NULL,
  PRIMARY KEY (`id`)
) ENGINE=InnoDB DEFAULT CHARSET=utf8 AUTO_INCREMENT=1 ;

-- --------------------------------------------------------

--
-- Ë°®ÁöÑÁªìÊûÑ `aunet_otherstuff`
--

CREATE TABLE IF NOT EXISTS `aunet_otherstuff` (
  `AssociationName` varchar(256) NOT NULL,
  `Path` varchar(256) NOT NULL,
  `Name` varchar(256) NOT NULL,
  `id` int(16) NOT NULL AUTO_INCREMENT,
  `Username` varchar(64) NOT NULL,
  `ReviewState` int(4) NOT NULL,
  `ReviewAdvice` varchar(256) NOT NULL,
  `CreateTime` char(23) NOT NULL,
  PRIMARY KEY (`id`)
) ENGINE=InnoDB DEFAULT CHARSET=utf8 AUTO_INCREMENT=1 ;

-- --------------------------------------------------------

--
-- Ë°®ÁöÑÁªìÊûÑ `aunet_roadshow`
--

CREATE TABLE IF NOT EXISTS `aunet_roadshow` (
  `AssociationName` varchar(256) NOT NULL,
  `ActivityName` varchar(256) NOT NULL,
  `ParticipantNumber` varchar(256) NOT NULL,
  `Date` varchar(256) NOT NULL,
  `Time` varchar(256) NOT NULL,
  `NomalClassrom` varchar(256) NOT NULL,
  `ActivityContent` varchar(256) NOT NULL,
  `Sponsor` varchar(256) NOT NULL,
  `SponsorWay` varchar(256) NOT NULL,
  `ResponsiblePeople` varchar(256) NOT NULL,
  `Phone` varchar(256) NOT NULL,
  `AssociationOpinion` varchar(256) NOT NULL,
  `AUOpnion` varchar(256) NOT NULL,
  `AUer` varchar(256) NOT NULL,
  `AUPhone` varchar(256) NOT NULL,
  `id` int(16) NOT NULL AUTO_INCREMENT,
  `Username` varchar(64) NOT NULL,
  `ReviewState` int(4) NOT NULL,
  `ReviewAdvice` varchar(256) NOT NULL,
  `CreateTime` char(23) NOT NULL,
  PRIMARY KEY (`id`)
) ENGINE=InnoDB DEFAULT CHARSET=utf8 AUTO_INCREMENT=1 ;

-- --------------------------------------------------------

--
-- Ë°®ÁöÑÁªìÊûÑ `aunet_role`
--

CREATE TABLE IF NOT EXISTS `aunet_role` (
  `id` smallint(6) unsigned NOT NULL AUTO_INCREMENT,
  `name` varchar(20) NOT NULL,
  `pid` smallint(6) DEFAULT NULL,
  `status` tinyint(1) unsigned DEFAULT NULL,
  `remark` varchar(255) DEFAULT NULL,
  PRIMARY KEY (`id`),
  KEY `pid` (`pid`),
  KEY `status` (`status`)
) ENGINE=MyISAM  DEFAULT CHARSET=utf8 AUTO_INCREMENT=6 ;

--
-- ËΩ¨Â≠òË°®‰∏≠ÁöÑÊï∞ÊçÆ `aunet_role`
--

INSERT INTO `aunet_role` (`id`, `name`, `pid`, `status`, `remark`) VALUES
(4, 'Editor', NULL, 1, 'ÁºñËæë'),
(5, 'Home', NULL, 1, 'ÂâçÂè∞');

-- --------------------------------------------------------

--
-- Ë°®ÁöÑÁªìÊûÑ `aunet_role_user`
--

CREATE TABLE IF NOT EXISTS `aunet_role_user` (
  `role_id` mediumint(9) unsigned DEFAULT NULL,
  `user_id` char(32) DEFAULT NULL,
  KEY `group_id` (`role_id`),
  KEY `user_id` (`user_id`)
) ENGINE=MyISAM DEFAULT CHARSET=utf8;

--
-- ËΩ¨Â≠òË°®‰∏≠ÁöÑÊï∞ÊçÆ `aunet_role_user`
--

INSERT INTO `aunet_role_user` (`role_id`, `user_id`) VALUES
(4, '5'),
(4, '6'),
(5, '6'),
(4, '7');

-- --------------------------------------------------------

--
-- Ë°®ÁöÑÁªìÊûÑ `aunet_specialplace`
--

CREATE TABLE IF NOT EXISTS `aunet_specialplace` (
  `AssociationName` varchar(256) NOT NULL,
  `ActivityName` varchar(256) NOT NULL,
  `ParticipantNumber` varchar(256) NOT NULL,
  `Date` varchar(256) NOT NULL,
  `Time` varchar(256) NOT NULL,
  `NomalClassrom` varchar(256) NOT NULL,
  `SystemInquire` varchar(256) NOT NULL,
  `ActivityContent` varchar(256) NOT NULL,
  `Sponsor` varchar(256) NOT NULL,
  `SponsorWay` varchar(256) NOT NULL,
  `ResponsiblePeople` varchar(256) NOT NULL,
  `Phone` varchar(256) NOT NULL,
  `AssociationOpinion` varchar(256) NOT NULL,
  `AUOpnion` varchar(256) NOT NULL,
  `AUer` varchar(256) NOT NULL,
  `AUPhone` varchar(256) NOT NULL,
  `id` int(16) NOT NULL AUTO_INCREMENT,
  `Username` varchar(64) NOT NULL,
  `ReviewState` int(4) NOT NULL,
  `ReviewAdvice` varchar(256) NOT NULL,
  `CreateTime` char(23) NOT NULL,
  PRIMARY KEY (`id`)
) ENGINE=InnoDB DEFAULT CHARSET=utf8 AUTO_INCREMENT=1 ;

-- --------------------------------------------------------

--
-- Ë°®ÁöÑÁªìÊûÑ `aunet_sportcourt`
--

CREATE TABLE IF NOT EXISTS `aunet_sportcourt` (
  `AssociationName` varchar(256) NOT NULL,
  `Name` varchar(256) NOT NULL,
  `Phone` varchar(256) NOT NULL,
  `StudentNumber` varchar(256) NOT NULL,
  `School` varchar(256) NOT NULL,
  `ActivityContent` varchar(256) NOT NULL,
  `ActivityDate` varchar(256) NOT NULL,
  `UseTime` varchar(256) NOT NULL,
  `Remarks` varchar(256) NOT NULL,
  `id` int(16) NOT NULL AUTO_INCREMENT,
  `Username` varchar(64) NOT NULL,
  `ReviewState` int(4) NOT NULL,
  `ReviewAdvice` varchar(256) NOT NULL,
  `CreateTime` char(23) NOT NULL,
  PRIMARY KEY (`id`)
) ENGINE=InnoDB DEFAULT CHARSET=utf8 AUTO_INCREMENT=1 ;

-- --------------------------------------------------------

--
-- Ë°®ÁöÑÁªìÊûÑ `aunet_studentcenter`
--

CREATE TABLE IF NOT EXISTS `aunet_studentcenter` (
  `AssociationName` varchar(256) NOT NULL,
  `ActivityName` varchar(256) NOT NULL,
  `ParticipantNumber` varchar(256) NOT NULL,
  `Date` varchar(256) NOT NULL,
  `Time` varchar(256) NOT NULL,
  `NomalClassrom` varchar(256) NOT NULL,
  `SystemInquire` varchar(256) NOT NULL,
  `LectureClassrom` varchar(256) NOT NULL,
  `ActivityContent` varchar(256) NOT NULL,
  `Sponsor` varchar(256) NOT NULL,
  `SponsorWay` varchar(256) NOT NULL,
  `ResponsiblePeople` varchar(256) NOT NULL,
  `Phone` varchar(256) NOT NULL,
  `AssociationOpinion` varchar(256) NOT NULL,
  `AUOpnion` varchar(256) NOT NULL,
  `AUer` varchar(256) NOT NULL,
  `AUPhone` varchar(256) NOT NULL,
  `id` int(16) NOT NULL AUTO_INCREMENT,
  `Username` varchar(64) NOT NULL,
  `ReviewState` int(4) NOT NULL,
  `ReviewAdvice` varchar(256) NOT NULL,
  `CreateTime` char(23) NOT NULL,
  PRIMARY KEY (`id`)
) ENGINE=InnoDB DEFAULT CHARSET=utf8 AUTO_INCREMENT=1 ;

-- --------------------------------------------------------

--
-- Ë°®ÁöÑÁªìÊûÑ `aunet_stuff`
--

CREATE TABLE IF NOT EXISTS `aunet_stuff` (
  `AssociationName` varchar(256) NOT NULL,
  `ActivityName` varchar(256) NOT NULL,
  `Place` varchar(256) NOT NULL,
  `UseDate` varchar(256) NOT NULL,
  `ParticipantNumber` varchar(256) NOT NULL,
  `ProjectorNumber` varchar(256) NOT NULL,
  `ProjectorDate` varchar(256) NOT NULL,
  `Electricity` varchar(256) NOT NULL,
  `DeskNumber` varchar(256) NOT NULL,
  `ChairNumber` varchar(256) NOT NULL,
  `ReturnDate` varchar(256) NOT NULL,
  `SchoolbusDesk` varchar(256) NOT NULL,
  `SchoolbusChair` varchar(256) NOT NULL,
  `ResponsiblePeople` varchar(256) NOT NULL,
  `Phone` varchar(256) NOT NULL,
  `AssociationOpinion` varchar(256) NOT NULL,
  `AUOpinion` varchar(256) NOT NULL,
  `AUResponsiblePeople` varchar(256) NOT NULL,
  `AUPhone` varchar(256) NOT NULL,
  `id` int(16) NOT NULL AUTO_INCREMENT,
  `Username` varchar(64) NOT NULL,
  `ReviewState` int(4) NOT NULL,
  `ReviewAdvice` varchar(256) NOT NULL,
  `CreateTime` char(23) NOT NULL,
  PRIMARY KEY (`id`)
) ENGINE=InnoDB  DEFAULT CHARSET=utf8 AUTO_INCREMENT=2 ;

--
-- ËΩ¨Â≠òË°®‰∏≠ÁöÑÊï∞ÊçÆ `aunet_stuff`
--

INSERT INTO `aunet_stuff` (`AssociationName`, `ActivityName`, `Place`, `UseDate`, `ParticipantNumber`, `ProjectorNumber`, `ProjectorDate`, `Electricity`, `DeskNumber`, `ChairNumber`, `ReturnDate`, `SchoolbusDesk`, `SchoolbusChair`, `ResponsiblePeople`, `Phone`, `AssociationOpinion`, `AUOpinion`, `AUResponsiblePeople`, `AUPhone`, `id`, `Username`, `ReviewState`, `ReviewAdvice`, `CreateTime`) VALUES
('test', 'test', 'test', 'test', '10', '15', '11111', '', '', '', '', '', '', 'ted', '13018160135', 'fdaf', 'fdaf', 'adsf', '13018060139', 1, 'admin', 0, '', '2015Âπ¥9Êúà24Êó• 19:10:04');

-- --------------------------------------------------------

--
-- Ë°®ÁöÑÁªìÊûÑ `aunet_user`
--

CREATE TABLE IF NOT EXISTS `aunet_user` (
  `id` int(10) unsigned NOT NULL AUTO_INCREMENT,
  `username` varchar(30) NOT NULL DEFAULT '',
  `password` char(32) NOT NULL DEFAULT '',
  `logintime` int(10) unsigned NOT NULL,
  `loginip` varchar(30) NOT NULL,
  `lock` tinyint(1) unsigned NOT NULL DEFAULT '0',
  `remark` varchar(50) DEFAULT NULL,
  PRIMARY KEY (`id`),
  UNIQUE KEY `username` (`username`)
) ENGINE=MyISAM  DEFAULT CHARSET=utf8 AUTO_INCREMENT=8 ;

--
-- ËΩ¨Â≠òË°®‰∏≠ÁöÑÊï∞ÊçÆ `aunet_user`
--

INSERT INTO `aunet_user` (`id`, `username`, `password`, `logintime`, `loginip`, `lock`, `remark`) VALUES
(1, 'admin', '21232f297a57a5a743894a0e4a801fc3', 1444571724, '127.0.0.1', 0, NULL),
(7, 'test', '098f6bcd4621d373cade4e832627b4f6', 1434380153, '127.0.0.1', 0, NULL);

/*!40101 SET CHARACTER_SET_CLIENT=@OLD_CHARACTER_SET_CLIENT */;
/*!40101 SET CHARACTER_SET_RESULTS=@OLD_CHARACTER_SET_RESULTS */;
/*!40101 SET COLLATION_CONNECTION=@OLD_COLLATION_CONNECTION */;
